epoch,new_task_accuracy,old_task_accuracy,agent,seed
0,0.04814814776182175,0.9407407641410828,Experienced,0
1,0.046296294778585434,0.9444444179534912,Experienced,0
2,0.051851850003004074,0.9333333373069763,Experienced,0
3,0.06111111119389534,0.9092592597007751,Experienced,0
4,0.07777778059244156,0.8925926089286804,Experienced,0
5,0.09074074029922485,0.864814817905426,Experienced,0
6,0.10000000149011612,0.8388888835906982,Experienced,0
7,0.11851851642131805,0.8037037253379822,Experienced,0
8,0.12962962687015533,0.7944444417953491,Experienced,0
9,0.14074073731899261,0.779629647731781,Experienced,0
10,0.1648148149251938,0.7740740776062012,Experienced,0
11,0.18703703582286835,0.7740740776062012,Experienced,0
12,0.21666666865348816,0.7759259343147278,Experienced,0
13,0.2222222238779068,0.7777777910232544,Experienced,0
14,0.24444444477558136,0.7833333611488342,Experienced,0
15,0.25,0.7851851582527161,Experienced,0
16,0.2481481432914734,0.7981481552124023,Experienced,0
17,0.2518518567085266,0.8018518686294556,Experienced,0
18,0.2611111104488373,0.8055555820465088,Experienced,0
19,0.2796296179294586,0.8129629492759705,Experienced,0
20,0.2759259343147278,0.8240740895271301,Experienced,0
21,0.29814815521240234,0.8314814567565918,Experienced,0
22,0.3055555522441864,0.8407407402992249,Experienced,0
23,0.31481480598449707,0.8425925970077515,Experienced,0
24,0.32407405972480774,0.8444444537162781,Experienced,0
25,0.34074074029922485,0.8444444537162781,Experienced,0
26,0.364814817905426,0.8444444537162781,Experienced,0
27,0.38333332538604736,0.8500000238418579,Experienced,0
28,0.40740740299224854,0.8500000238418579,Experienced,0
29,0.42407408356666565,0.8500000238418579,Experienced,0
30,0.44999998807907104,0.8444444537162781,Experienced,0
31,0.4611110985279083,0.8444444537162781,Experienced,0
32,0.47592592239379883,0.8388888835906982,Experienced,0
33,0.4962962865829468,0.835185170173645,Experienced,0
34,0.5166666507720947,0.8333333134651184,Experienced,0
35,0.5351851582527161,0.8277778029441833,Experienced,0
36,0.5592592358589172,0.8259259462356567,Experienced,0
37,0.5740740895271301,0.8222222328186035,Experienced,0
38,0.5870370268821716,0.8203703761100769,Experienced,0
39,0.6074073910713196,0.8148148059844971,Experienced,0
40,0.6203703880310059,0.8148148059844971,Experienced,0
0,0.08518518507480621,,Fresh,0
1,0.09814814478158951,,Fresh,0
2,0.09814814478158951,,Fresh,0
3,0.12037037312984467,,Fresh,0
4,0.21851852536201477,,Fresh,0
5,0.27037036418914795,,Fresh,0
6,0.31296294927597046,,Fresh,0
7,0.35185185074806213,,Fresh,0
8,0.38333332538604736,,Fresh,0
9,0.4185185134410858,,Fresh,0
10,0.4703703820705414,,Fresh,0
11,0.5166666507720947,,Fresh,0
12,0.5592592358589172,,Fresh,0
13,0.5759259462356567,,Fresh,0
14,0.5777778029441833,,Fresh,0
15,0.5888888835906982,,Fresh,0
16,0.6018518805503845,,Fresh,0
17,0.6018518805503845,,Fresh,0
18,0.6296296119689941,,Fresh,0
19,0.6574074029922485,,Fresh,0
20,0.6685185432434082,,Fresh,0
21,0.6777777671813965,,Fresh,0
22,0.6833333373069763,,Fresh,0
23,0.6870370507240295,,Fresh,0
24,0.699999988079071,,Fresh,0
25,0.7074074149131775,,Fresh,0
26,0.7055555582046509,,Fresh,0
27,0.7148148417472839,,Fresh,0
28,0.720370352268219,,Fresh,0
29,0.7277777791023254,,Fresh,0
30,0.7407407164573669,,Fresh,0
31,0.7462962865829468,,Fresh,0
32,0.7537037134170532,,Fresh,0
33,0.7611111402511597,,Fresh,0
34,0.7722222208976746,,Fresh,0
35,0.7851851582527161,,Fresh,0
36,0.7944444417953491,,Fresh,0
37,0.8037037253379822,,Fresh,0
38,0.8092592358589172,,Fresh,0
39,0.8203703761100769,,Fresh,0
40,0.835185170173645,,Fresh,0
0,0.09814814478158951,0.9518518447875977,Experienced,1
1,0.08888889104127884,0.9555555582046509,Experienced,1
2,0.09259258955717087,0.9481481313705444,Experienced,1
3,0.08888889104127884,0.9333333373069763,Experienced,1
4,0.0962962955236435,0.9129629731178284,Experienced,1
5,0.1111111119389534,0.894444465637207,Experienced,1
6,0.10555555671453476,0.864814817905426,Experienced,1
7,0.11481481790542603,0.8407407402992249,Experienced,1
8,0.12037037312984467,0.8277778029441833,Experienced,1
9,0.1240740716457367,0.8148148059844971,Experienced,1
10,0.14629629254341125,0.8129629492759705,Experienced,1
11,0.15555556118488312,0.8148148059844971,Experienced,1
12,0.18703703582286835,0.8148148059844971,Experienced,1
13,0.21111111342906952,0.8203703761100769,Experienced,1
14,0.23333333432674408,0.8277778029441833,Experienced,1
15,0.25,0.835185170173645,Experienced,1
16,0.2629629671573639,0.8370370268821716,Experienced,1
17,0.2759259343147278,0.8462963104248047,Experienced,1
18,0.29629629850387573,0.8500000238418579,Experienced,1
19,0.3092592656612396,0.8500000238418579,Experienced,1
20,0.32592591643333435,0.8537036776542664,Experienced,1
21,0.3444444537162781,0.855555534362793,Experienced,1
22,0.3629629611968994,0.8518518805503845,Experienced,1
23,0.38333332538604736,0.8518518805503845,Experienced,1
24,0.4018518626689911,0.8518518805503845,Experienced,1
25,0.42592594027519226,0.8425925970077515,Experienced,1
26,0.4462963044643402,0.8388888835906982,Experienced,1
27,0.4592592716217041,0.8333333134651184,Experienced,1
28,0.49444442987442017,0.8277778029441833,Experienced,1
29,0.5185185074806213,0.8222222328186035,Experienced,1
30,0.5370370149612427,0.8203703761100769,Experienced,1
31,0.5537037253379822,0.8148148059844971,Experienced,1
32,0.5685185194015503,0.8037037253379822,Experienced,1
33,0.5703703761100769,0.8018518686294556,Experienced,1
34,0.5925925970077515,0.8018518686294556,Experienced,1
35,0.6111111044883728,0.7981481552124023,Experienced,1
36,0.6240741014480591,0.7888888716697693,Experienced,1
37,0.6407407522201538,0.7870370149612427,Experienced,1
38,0.6481481194496155,0.7870370149612427,Experienced,1
39,0.6611111164093018,0.779629647731781,Experienced,1
40,0.6759259104728699,0.7722222208976746,Experienced,1
0,0.08888889104127884,,Fresh,1
1,0.10370370000600815,,Fresh,1
2,0.14814814925193787,,Fresh,1
3,0.20000000298023224,,Fresh,1
4,0.3222222328186035,,Fresh,1
5,0.4185185134410858,,Fresh,1
6,0.4722222089767456,,Fresh,1
7,0.5092592835426331,,Fresh,1
8,0.5425925850868225,,Fresh,1
9,0.5574073791503906,,Fresh,1
10,0.5759259462356567,,Fresh,1
11,0.5925925970077515,,Fresh,1
12,0.6166666746139526,,Fresh,1
13,0.6425926089286804,,Fresh,1
14,0.6574074029922485,,Fresh,1
15,0.6851851940155029,,Fresh,1
16,0.720370352268219,,Fresh,1
17,0.7592592835426331,,Fresh,1
18,0.7907407283782959,,Fresh,1
19,0.8018518686294556,,Fresh,1
20,0.8055555820465088,,Fresh,1
21,0.8055555820465088,,Fresh,1
22,0.8111110925674438,,Fresh,1
23,0.8111110925674438,,Fresh,1
24,0.8148148059844971,,Fresh,1
25,0.8203703761100769,,Fresh,1
26,0.8203703761100769,,Fresh,1
27,0.8185185194015503,,Fresh,1
28,0.8259259462356567,,Fresh,1
29,0.8240740895271301,,Fresh,1
30,0.8203703761100769,,Fresh,1
31,0.8203703761100769,,Fresh,1
32,0.8203703761100769,,Fresh,1
33,0.8222222328186035,,Fresh,1
34,0.8222222328186035,,Fresh,1
35,0.8240740895271301,,Fresh,1
36,0.8314814567565918,,Fresh,1
37,0.835185170173645,,Fresh,1
38,0.835185170173645,,Fresh,1
39,0.8240740895271301,,Fresh,1
40,0.8240740895271301,,Fresh,1
0,0.07407407462596893,0.949999988079071,Experienced,2
1,0.0833333358168602,0.949999988079071,Experienced,2
2,0.09074074029922485,0.9462962746620178,Experienced,2
3,0.09814814478158951,0.9259259104728699,Experienced,2
4,0.0962962955236435,0.9240740537643433,Experienced,2
5,0.10000000149011612,0.9018518328666687,Experienced,2
6,0.10740740597248077,0.8888888955116272,Experienced,2
7,0.12037037312984467,0.8722222447395325,Experienced,2
8,0.15740740299224854,0.8518518805503845,Experienced,2
9,0.17592592537403107,0.8333333134651184,Experienced,2
10,0.1944444477558136,0.8277778029441833,Experienced,2
11,0.21481481194496155,0.8203703761100769,Experienced,2
12,0.2370370328426361,0.8240740895271301,Experienced,2
13,0.24629630148410797,0.8203703761100769,Experienced,2
14,0.2666666805744171,0.8259259462356567,Experienced,2
15,0.27222222089767456,0.8333333134651184,Experienced,2
16,0.29814815521240234,0.8388888835906982,Experienced,2
17,0.3185185194015503,0.8444444537162781,Experienced,2
18,0.3351851999759674,0.8444444537162781,Experienced,2
19,0.35555556416511536,0.8462963104248047,Experienced,2
20,0.3740740716457367,0.8444444537162781,Experienced,2
21,0.3870370388031006,0.8518518805503845,Experienced,2
22,0.40740740299224854,0.855555534362793,Experienced,2
23,0.4166666567325592,0.8629629611968994,Experienced,2
24,0.4333333373069763,0.8629629611968994,Experienced,2
25,0.4555555582046509,0.8685185313224792,Experienced,2
26,0.46851852536201477,0.8629629611968994,Experienced,2
27,0.4722222089767456,0.8611111044883728,Experienced,2
28,0.49259260296821594,0.8574073910713196,Experienced,2
29,0.5055555701255798,0.8592592477798462,Experienced,2
30,0.520370364189148,0.8574073910713196,Experienced,2
31,0.529629647731781,0.855555534362793,Experienced,2
32,0.5555555820465088,0.8574073910713196,Experienced,2
33,0.5666666626930237,0.855555534362793,Experienced,2
34,0.5759259462356567,0.8537036776542664,Experienced,2
35,0.5925925970077515,0.8500000238418579,Experienced,2
36,0.6074073910713196,0.8444444537162781,Experienced,2
37,0.6166666746139526,0.8425925970077515,Experienced,2
38,0.6277777552604675,0.8407407402992249,Experienced,2
39,0.6314814686775208,0.8388888835906982,Experienced,2
40,0.6388888955116272,0.8388888835906982,Experienced,2
0,0.06851851940155029,,Fresh,2
1,0.12222222238779068,,Fresh,2
2,0.18888889253139496,,Fresh,2
3,0.24074074625968933,,Fresh,2
4,0.2888889014720917,,Fresh,2
5,0.3296296298503876,,Fresh,2
6,0.36666667461395264,,Fresh,2
7,0.41111111640930176,,Fresh,2
8,0.4611110985279083,,Fresh,2
9,0.5074074268341064,,Fresh,2
10,0.5555555820465088,,Fresh,2
11,0.6000000238418579,,Fresh,2
12,0.6296296119689941,,Fresh,2
13,0.6537036895751953,,Fresh,2
14,0.6833333373069763,,Fresh,2
15,0.6944444179534912,,Fresh,2
16,0.7037037014961243,,Fresh,2
17,0.7111111283302307,,Fresh,2
18,0.7222222089767456,,Fresh,2
19,0.729629635810852,,Fresh,2
20,0.7351852059364319,,Fresh,2
21,0.7407407164573669,,Fresh,2
22,0.75,,Fresh,2
23,0.7518518567085266,,Fresh,2
24,0.7555555701255798,,Fresh,2
25,0.7611111402511597,,Fresh,2
26,0.7666666507720947,,Fresh,2
27,0.7759259343147278,,Fresh,2
28,0.7777777910232544,,Fresh,2
29,0.7870370149612427,,Fresh,2
30,0.7870370149612427,,Fresh,2
31,0.7888888716697693,,Fresh,2
32,0.7925925850868225,,Fresh,2
33,0.8018518686294556,,Fresh,2
34,0.8129629492759705,,Fresh,2
35,0.8222222328186035,,Fresh,2
36,0.8259259462356567,,Fresh,2
37,0.8296296000480652,,Fresh,2
38,0.8314814567565918,,Fresh,2
39,0.8370370268821716,,Fresh,2
40,0.8407407402992249,,Fresh,2
0,0.029629629105329514,0.9481481313705444,Experienced,3
1,0.031481482088565826,0.9444444179534912,Experienced,3
2,0.05370370298624039,0.9407407641410828,Experienced,3
3,0.08148147910833359,0.9296296238899231,Experienced,3
4,0.08518518507480621,0.9129629731178284,Experienced,3
5,0.09259258955717087,0.8870370388031006,Experienced,3
6,0.08518518507480621,0.8685185313224792,Experienced,3
7,0.09444444626569748,0.835185170173645,Experienced,3
8,0.10370370000600815,0.7981481552124023,Experienced,3
9,0.12222222238779068,0.7870370149612427,Experienced,3
10,0.14629629254341125,0.7870370149612427,Experienced,3
11,0.16296295821666718,0.7851851582527161,Experienced,3
12,0.18333333730697632,0.7870370149612427,Experienced,3
13,0.20555555820465088,0.7944444417953491,Experienced,3
14,0.22592592239379883,0.8074073791503906,Experienced,3
15,0.24444444477558136,0.8166666626930237,Experienced,3
16,0.2666666805744171,0.8259259462356567,Experienced,3
17,0.28148147463798523,0.8314814567565918,Experienced,3
18,0.29814815521240234,0.835185170173645,Experienced,3
19,0.31481480598449707,0.8425925970077515,Experienced,3
20,0.3296296298503876,0.8500000238418579,Experienced,3
21,0.33703702688217163,0.8500000238418579,Experienced,3
22,0.3499999940395355,0.8444444537162781,Experienced,3
23,0.364814817905426,0.8462963104248047,Experienced,3
24,0.3759259283542633,0.8407407402992249,Experienced,3
25,0.39259257912635803,0.8333333134651184,Experienced,3
26,0.4148148000240326,0.8333333134651184,Experienced,3
27,0.43703705072402954,0.8296296000480652,Experienced,3
28,0.45370370149612427,0.8259259462356567,Experienced,3
29,0.4703703820705414,0.8240740895271301,Experienced,3
30,0.5,0.8092592358589172,Experienced,3
31,0.5222222208976746,0.8129629492759705,Experienced,3
32,0.5388888716697693,0.8055555820465088,Experienced,3
33,0.5481481552124023,0.8037037253379822,Experienced,3
34,0.5666666626930237,0.7981481552124023,Experienced,3
35,0.5740740895271301,0.7962962985038757,Experienced,3
36,0.5907407402992249,0.7962962985038757,Experienced,3
37,0.614814817905426,0.7981481552124023,Experienced,3
38,0.6314814686775208,0.7925925850868225,Experienced,3
39,0.6425926089286804,0.7944444417953491,Experienced,3
40,0.6537036895751953,0.7944444417953491,Experienced,3
0,0.10555555671453476,,Fresh,3
1,0.1111111119389534,,Fresh,3
2,0.11296296119689941,,Fresh,3
3,0.12962962687015533,,Fresh,3
4,0.18888889253139496,,Fresh,3
5,0.23148147761821747,,Fresh,3
6,0.3092592656612396,,Fresh,3
7,0.35740742087364197,,Fresh,3
8,0.39259257912635803,,Fresh,3
9,0.4203703701496124,,Fresh,3
10,0.46296295523643494,,Fresh,3
11,0.529629647731781,,Fresh,3
12,0.5722222328186035,,Fresh,3
13,0.6296296119689941,,Fresh,3
14,0.6611111164093018,,Fresh,3
15,0.6888889074325562,,Fresh,3
16,0.7129629850387573,,Fresh,3
17,0.7370370626449585,,Fresh,3
18,0.7388888597488403,,Fresh,3
19,0.7481481432914734,,Fresh,3
20,0.7574074268341064,,Fresh,3
21,0.7537037134170532,,Fresh,3
22,0.7592592835426331,,Fresh,3
23,0.770370364189148,,Fresh,3
24,0.7685185074806213,,Fresh,3
25,0.7648147940635681,,Fresh,3
26,0.7629629373550415,,Fresh,3
27,0.7629629373550415,,Fresh,3
28,0.7648147940635681,,Fresh,3
29,0.770370364189148,,Fresh,3
30,0.7629629373550415,,Fresh,3
31,0.7629629373550415,,Fresh,3
32,0.7629629373550415,,Fresh,3
33,0.7592592835426331,,Fresh,3
34,0.7574074268341064,,Fresh,3
35,0.7574074268341064,,Fresh,3
36,0.7574074268341064,,Fresh,3
37,0.7685185074806213,,Fresh,3
38,0.7722222208976746,,Fresh,3
39,0.779629647731781,,Fresh,3
40,0.7833333611488342,,Fresh,3
0,0.08703703433275223,0.9444444179534912,Experienced,4
1,0.08148147910833359,0.9481481313705444,Experienced,4
2,0.07592592388391495,0.9444444179534912,Experienced,4
3,0.08703703433275223,0.9333333373069763,Experienced,4
4,0.09074074029922485,0.9203703999519348,Experienced,4
5,0.09444444626569748,0.9092592597007751,Experienced,4
6,0.10925926268100739,0.9018518328666687,Experienced,4
7,0.13518518209457397,0.8981481194496155,Experienced,4
8,0.15740740299224854,0.8907407522201538,Experienced,4
9,0.17222222685813904,0.8888888955116272,Experienced,4
10,0.19629628956317902,0.8907407522201538,Experienced,4
11,0.21296297013759613,0.8925926089286804,Experienced,4
12,0.2370370328426361,0.8888888955116272,Experienced,4
13,0.2611111104488373,0.885185182094574,Experienced,4
14,0.2796296179294586,0.8870370388031006,Experienced,4
15,0.3055555522441864,0.885185182094574,Experienced,4
16,0.3222222328186035,0.885185182094574,Experienced,4
17,0.35185185074806213,0.8870370388031006,Experienced,4
18,0.3722222149372101,0.8907407522201538,Experienced,4
19,0.3907407522201538,0.8833333253860474,Experienced,4
20,0.40740740299224854,0.8870370388031006,Experienced,4
21,0.42407408356666565,0.8814814686775208,Experienced,4
22,0.4481481611728668,0.8777777552604675,Experienced,4
23,0.46296295523643494,0.8814814686775208,Experienced,4
24,0.48148149251937866,0.8722222447395325,Experienced,4
25,0.5074074268341064,0.8666666746139526,Experienced,4
26,0.5222222208976746,0.8574073910713196,Experienced,4
27,0.5537037253379822,0.8537036776542664,Experienced,4
28,0.5814814567565918,0.8481481671333313,Experienced,4
29,0.6074073910713196,0.8444444537162781,Experienced,4
30,0.6259258985519409,0.8370370268821716,Experienced,4
31,0.6425926089286804,0.8314814567565918,Experienced,4
32,0.6574074029922485,0.8277778029441833,Experienced,4
33,0.6722221970558167,0.8222222328186035,Experienced,4
34,0.6796296238899231,0.8185185194015503,Experienced,4
35,0.6888889074325562,0.8185185194015503,Experienced,4
36,0.7037037014961243,0.8129629492759705,Experienced,4
37,0.7148148417472839,0.8129629492759705,Experienced,4
38,0.7259259223937988,0.8092592358589172,Experienced,4
39,0.7407407164573669,0.8018518686294556,Experienced,4
40,0.75,0.7981481552124023,Experienced,4
0,0.10000000149011612,,Fresh,4
1,0.13148148357868195,,Fresh,4
2,0.15740740299224854,,Fresh,4
3,0.22777777910232544,,Fresh,4
4,0.26851850748062134,,Fresh,4
5,0.3444444537162781,,Fresh,4
6,0.3722222149372101,,Fresh,4
7,0.4314814805984497,,Fresh,4
8,0.4740740656852722,,Fresh,4
9,0.5166666507720947,,Fresh,4
10,0.5481481552124023,,Fresh,4
11,0.5870370268821716,,Fresh,4
12,0.6037036776542664,,Fresh,4
13,0.6203703880310059,,Fresh,4
14,0.6296296119689941,,Fresh,4
15,0.6425926089286804,,Fresh,4
16,0.6462963223457336,,Fresh,4
17,0.6574074029922485,,Fresh,4
18,0.664814829826355,,Fresh,4
19,0.6814814805984497,,Fresh,4
20,0.6870370507240295,,Fresh,4
21,0.6981481313705444,,Fresh,4
22,0.7074074149131775,,Fresh,4
23,0.7166666388511658,,Fresh,4
24,0.720370352268219,,Fresh,4
25,0.7277777791023254,,Fresh,4
26,0.7314814925193787,,Fresh,4
27,0.7351852059364319,,Fresh,4
28,0.7407407164573669,,Fresh,4
29,0.75,,Fresh,4
30,0.7555555701255798,,Fresh,4
31,0.7629629373550415,,Fresh,4
32,0.7666666507720947,,Fresh,4
33,0.7722222208976746,,Fresh,4
34,0.7814815044403076,,Fresh,4
35,0.7888888716697693,,Fresh,4
36,0.7944444417953491,,Fresh,4
37,0.7981481552124023,,Fresh,4
38,0.8055555820465088,,Fresh,4
39,0.8074073791503906,,Fresh,4
40,0.8111110925674438,,Fresh,4
