agent,epoch,mean_new_accuracy,sd_new_accuracy,mean_old_accuracy,sd_old_accuracy
Experienced,0,0.06740740612149239,0.028163980786088838,0.9470370292663575,0.004459840503389496
Experienced,1,0.06629629656672478,0.025706746094160234,0.9485185027122498,0.0046110860182036395
Experienced,2,0.07296296134591103,0.0195368173580291,0.9425925850868225,0.005856056826263903
Experienced,3,0.0833333320915699,0.013795984757094738,0.9262962937355042,0.010006857234338218
Experienced,4,0.08925925940275192,0.007900268629630764,0.912592601776123,0.012171605768968363
Experienced,5,0.09777777791023254,0.00821938638841669,0.8914814829826355,0.017053129319670714
Experienced,6,0.10148148238658905,0.009746443069196207,0.8725925922393799,0.024159389401671526
Experienced,7,0.11666666716337204,0.014640172694649031,0.85,0.03626509233536214
Experienced,8,0.13370370119810104,0.023548390327274477,0.8325926065444946,0.040053125707483865
Experienced,9,0.14703703671693802,0.025746736936212926,0.8207407355308532,0.04377191933489294
Experienced,10,0.16962962746620178,0.02469290196819408,0.8185185194015503,0.04554954207446263
Experienced,11,0.18666666746139526,0.02744866804936222,0.8174074053764343,0.04632592715130644
Experienced,12,0.212222221493721,0.026077595949161626,0.8181481480598449,0.04416191582664616
Experienced,13,0.22925926148891448,0.023693573705188285,0.8196296334266663,0.04087938952168518
Experienced,14,0.25,0.02260473208821771,0.8262963056564331,0.03838741593550722
Experienced,15,0.26444444358348845,0.02533723015865304,0.8311110973358155,0.0362745659151323
Experienced,16,0.27962963581085204,0.029974844888693713,0.8370370388031005,0.03145423133899053
Experienced,17,0.2959259271621704,0.03933605140962881,0.8422222256660461,0.03072065178616005
Experienced,18,0.31259259581565857,0.04239891432959975,0.8451851963996887,0.030698317492314345
Experienced,19,0.3300000011920929,0.04341793813678644,0.8470370411872864,0.025037696672002452
Experienced,20,0.342592591047287,0.05020533585613154,0.8518518567085266,0.022755930729608298
Experienced,21,0.3581481516361237,0.04851357232403798,0.8540740728378295,0.01792569657043787
Experienced,22,0.3748148143291473,0.05475660624137235,0.8540740728378295,0.014487104163848356
Experienced,23,0.3885185122489929,0.055577155232699293,0.8570370435714721,0.01568070246420682
Experienced,24,0.4033333361148834,0.05925058666070999,0.8544444561004638,0.013068358929118782
Experienced,25,0.4244444489479065,0.06299564288138558,0.851111114025116,0.015636922066035917
Experienced,26,0.4433333337306976,0.05883237561857465,0.8474074006080627,0.012463941891151976
Experienced,27,0.46111111640930175,0.0619056183848749,0.8455555438995361,0.013519796182153187
Experienced,28,0.4859259188175201,0.06413130895967999,0.8418518662452698,0.014139699569485853
Experienced,29,0.5051851868629456,0.06785715762973442,0.8400000095367431,0.01628155322032211
Experienced,30,0.5266666531562805,0.0643981237689767,0.8337036967277527,0.019128834138545443
Experienced,31,0.5418518602848053,0.06584630015006775,0.8318518400192261,0.018490720316072254
Experienced,32,0.5592592597007752,0.06536801007600877,0.8266666769981384,0.022740843847533772
Experienced,33,0.5707407355308532,0.06396800554463582,0.8237037062644958,0.02250588687077518
Experienced,34,0.5862962961196899,0.05935467052800738,0.8211111068725586,0.02300323303689042
Experienced,35,0.6003703713417053,0.05690341553130529,0.818148159980774,0.02227617820603862
Experienced,36,0.617037034034729,0.0540442656914573,0.8137037038803101,0.02243724184047059
Experienced,37,0.6322222352027893,0.052010345787410456,0.8125925898551941,0.02153251447907927
Experienced,38,0.6440740585327148,0.05097472753481697,0.8099999904632569,0.021699097459173314
Experienced,39,0.6566666603088379,0.050860221472351946,0.8059259295463562,0.022391323287518323
Experienced,40,0.6677777767181396,0.05026677325406225,0.8037037014961242,0.02484519715844195
Fresh,0,0.08962963074445725,0.014380199252424895,,
Fresh,1,0.11333333253860474,0.013570425225896375,,
Fresh,2,0.14111111015081407,0.03617989860315958,,
Fresh,3,0.1837037056684494,0.055669637736528055,,
Fresh,4,0.25740741193294525,0.05367176779746559,,
Fresh,5,0.3188888877630234,0.0719176878148559,,
Fresh,6,0.36666666269302367,0.06586451165221462,,
Fresh,7,0.41222223043441775,0.06410458068235653,,
Fresh,8,0.45074073076248167,0.06521832186454551,,
Fresh,9,0.484074068069458,0.061927757233443535,,
Fresh,10,0.5225926041603088,0.05212232004718754,,
Fresh,11,0.5651851892471313,0.03891974635145585,,
Fresh,12,0.5962962865829468,0.029716308330999613,,
Fresh,13,0.6244444489479065,0.029929032168288593,,
Fresh,14,0.6418518543243408,0.040584710696626336,,
Fresh,15,0.6600000023841858,0.04476351482872854,,
Fresh,16,0.6770370483398438,0.05117948865945895,,
Fresh,17,0.6933333516120911,0.06370209089159531,,
Fresh,18,0.7092592477798462,0.06324825913717814,,
Fresh,19,0.7237037062644959,0.056828026957071696,,
Fresh,20,0.730740761756897,0.05502213254717755,,
Fresh,21,0.735185182094574,0.04998286598210715,,
Fresh,22,0.7422222256660461,0.04943784814684904,,
Fresh,23,0.7474074006080628,0.04794472034078883,,
Fresh,24,0.7518518447875977,0.0445407934503691,,
Fresh,25,0.7562963008880615,0.0430251780250204,,
Fresh,26,0.7574074029922485,0.04313264499501949,,
Fresh,27,0.7614814877510071,0.039791110802146853,,
Fresh,28,0.765925920009613,0.040160019997276857,,
Fresh,29,0.7718518495559692,0.03667415101352928,,
Fresh,30,0.7733333230018615,0.03116948401714738,,
Fresh,31,0.7762962818145752,0.028968323087817827,,
Fresh,32,0.7792592525482178,0.027134532084390702,,
Fresh,33,0.7833333492279053,0.027623021245657957,,
Fresh,34,0.7892592668533325,0.027448660811048343,,
Fresh,35,0.7955555558204651,0.027980743357438723,,
Fresh,36,0.8007407426834107,0.029733604944316438,,
Fresh,37,0.8070370316505432,0.026816700061002972,,
Fresh,38,0.8107407331466675,0.025201510517477165,,
Fresh,39,0.8137037038803101,0.021777961261960594,,
Fresh,40,0.8188888907432557,0.022883663211567422,,
